{"cameraMode":{"drawMode":0,"name":"Shaded","section":"Shading Mode"},"sceneLighting":false,"audioPlay":false,"sceneViewState":{"m_AlwaysRefresh":false,"showFog":true,"showSkybox":false,"showFlares":true,"showImageEffects":true,"showParticleSystems":true,"showVisualEffectGraphs":true,"m_FxEnabled":true},"in2DMode":false,"pivot":{"x":0.2771848440170288,"y":0.673121452331543,"z":0.5119627118110657},"rotation":{"x":0.21585506200790406,"y":-0.3786078691482544,"z":0.09094028919935227,"w":0.8955057859420776},"size":0.7597042322158814,"orthographic":false}