{"cameraMode":{"drawMode":0,"name":"Shaded","section":"Shading Mode"},"sceneLighting":false,"audioPlay":false,"sceneViewState":{"m_AlwaysRefresh":false,"showFog":true,"showSkybox":false,"showFlares":true,"showImageEffects":true,"showParticleSystems":true,"showVisualEffectGraphs":true,"m_FxEnabled":true},"in2DMode":false,"pivot":{"x":1.6126633882522584,"y":-0.6445662975311279,"z":16.713138580322267},"rotation":{"x":0.22523373365402223,"y":-0.19525980949401856,"z":0.04584632068872452,"w":0.9535098671913147},"size":4.299212455749512,"orthographic":false}