{"cameraMode":{"drawMode":0,"name":"Shaded","section":"Shading Mode"},"sceneLighting":true,"audioPlay":false,"sceneViewState":{"m_AlwaysRefresh":false,"showFog":true,"showSkybox":true,"showFlares":true,"showImageEffects":true,"showParticleSystems":true,"showVisualEffectGraphs":true,"m_FxEnabled":true},"in2DMode":false,"pivot":{"x":-12.425010681152344,"y":-46.76652908325195,"z":-27.088577270507814},"rotation":{"x":0.3138355314731598,"y":0.21945612132549287,"z":-0.07479944825172425,"w":0.9207417964935303},"size":151.38352966308595,"orthographic":false}